output	adobe_pack	original_file
ui_click.mp3	multimedia	Multimedia/Multimedia Internet CD-Rom Flash Beep Electronic 01.wav
board_move.mp3	cartoon	Cartoon/Cartoon Trombone Slide 01.wav
tile_merge.mp3	cartoon	Cartoon/Cartoon Balloon Pop 01.wav
combo.mp3	multimedia	Multimedia/Multimedia Internet CD-Rom Flash Ding 01.wav
fever_start.mp3	science_fiction	Science Fiction/Science Fiction Sci-Fi Electronic  Energy Swell Fluttering 07.wav
fever_end.mp3	science_fiction	Science Fiction/Science Fiction Sci-Fi Electronic Alarm Descending 01.wav
weapon_evolve.mp3	science_fiction	Science Fiction/Science Fiction Sci-Fi Electronic  Energy Swell Fluttering 07.wav
weapon_normal.mp3	weapons	Weapons/Weapon Bullet 3030 Rifle 3 Shell Drop 02.wav
weapon_rapid.mp3	weapons	Weapons/Weapon Bullet 3030 Rifle 3 Shell Drop 02.wav
weapon_machine_gun.mp3	weapons	Weapons/Weapon Gun Machine Gun 9mm Bolt Cock 01.wav
weapon_piercing.mp3	weapons	Weapons/Weapon Arrow Shot 01.wav
weapon_explosive.mp3	weapons	Weapons/Weapon Cannon Fire 01.wav
weapon_laser.mp3	science_fiction	Science Fiction/Science Fiction Sci-Fi Electronic Beep Laser .wav
impact.mp3	crashes	Crashes/Crash Aluminum And Metal Rocking And Dropping On Concrete 01.wav
enemy_kill.mp3	cartoon	Cartoon/Cartoon Balloon Pop 01.wav
boss_kill.mp3	crashes	Crashes/Crash Aluminum And Metal Rocking And Dropping On Concrete 01.wav
boss_warning.mp3	science_fiction	Science Fiction/Science Fiction Sci-Fi Electronic Airlock Warning Light 58.wav
wave.mp3	multimedia	Multimedia/Multimedia Internet CD-Rom Flash Ding 01.wav
base_damage.mp3	crashes	Crashes/Crash Aluminum And Metal Rocking And Dropping On Concrete 01.wav
game_over.mp3	multimedia	Multimedia/Multimedia Internet CD-Rom Flash Window Close 01.wav
